{
  "current_week_load": 2150.0,
  "average_weekly_load": 3808.8333333333335,
  "monotony": 4.60132187348078,
  "strain": 105154.00877465626,
  "acwr": 0.602494045116996,
  "total_throws_this_week": 64,
  "total_volume_load_this_week": 216
}